{
    "name": "hawkeye46",
    "vendorId": "0xFEED",
    "productId": "0x0000",
    "matrix": {
        "rows": 4,
        "cols": 12
    },
    "layouts": {
        "labels": [
            [
                "Layout",
                "LAYOUT"
            ]
        ],
        "keymap": [
            [
                {
                    "r": 10,
                    "rx": 2.6018991647772705,
                    "ry": 0
                },
                "0,2\n\n\n0,0"
            ],
            [
                {
                    "r": 10,
                    "rx": 1.5741900972009268,
                    "ry": 0.06965726765834912
                },
                "0,1\n\n\n0,0"
            ],
            [
                {
                    "r": -10,
                    "rx": 11.743072364993322,
                    "ry": 0.17364817766692964
                },
                "0,9\n\n\n0,0"
            ],
            [
                {
                    "r": -10,
                    "rx": 12.770781432569667,
                    "ry": 0.24330544532527787
                },
                "0,10\n\n\n0,0"
            ],
            [
                {
                    "r": 10,
                    "rx": 0.52094453300079,
                    "ry": 0.28413920435594653
                },
                "0,0\n\n\n0,0"
            ],
            [
                {
                    "r": 10,
                    "rx": 3.5560631217714667,
                    "ry": 0.3474377809079532
                },
                "0,3\n\n\n0,0"
            ],
            [
                {
                    "r": -10,
                    "rx": 13.824026996769803,
                    "ry": 0.4577873820228766
                },
                "0,11\n\n\n0,0"
            ],
            [
                {
                    "r": -10,
                    "rx": 10.788908407999127,
                    "ry": 0.5210859585748833
                },
                "0,8\n\n\n0,0"
            ],
            [
                {
                    "r": 10,
                    "rx": 4.520441677380453,
                    "ry": 0.6369456943971676
                },
                "0,4\n\n\n0,0"
            ],
            [
                {
                    "r": -10,
                    "rx": 9.824529852390143,
                    "ry": 0.8105938720640977
                },
                "0,7\n\n\n0,0"
            ],
            [
                {
                    "r": 10,
                    "rx": 2.4282509871103404,
                    "ry": 0.9848077530122077
                },
                "1,2\n\n\n0,0"
            ],
            [
                {
                    "r": 10,
                    "rx": 1.4005419195339968,
                    "ry": 1.054465020670556
                },
                "1,1\n\n\n0,0"
            ],
            [
                {
                    "r": -10,
                    "rx": 11.916720542660254,
                    "ry": 1.1584559306791378
                },
                "1,9\n\n\n0,0"
            ],
            [
                {
                    "r": -10,
                    "rx": 12.944429610236597,
                    "ry": 1.228113198337486
                },
                "1,10\n\n\n0,0"
            ],
            [
                {
                    "r": 10,
                    "rx": 0.34729635533386083,
                    "ry": 1.268946957368155
                },
                "1,0\n\n\n0,0"
            ],
            [
                {
                    "r": 10,
                    "rx": 3.3824149441045375,
                    "ry": 1.3322455339201604
                },
                "1,3\n\n\n0,0"
            ],
            [
                {
                    "r": -10,
                    "rx": 13.997675174436733,
                    "ry": 1.4425951350350839
                },
                "1,11\n\n\n0,0"
            ],
            [
                {
                    "r": -10,
                    "rx": 10.962556585666057,
                    "ry": 1.5058937115870914
                },
                "1,8\n\n\n0,0"
            ],
            [
                {
                    "r": 10,
                    "rx": 4.346793499713522,
                    "ry": 1.6217534474093758
                },
                "1,4\n\n\n0,0"
            ],
            [
                {
                    "r": -10,
                    "rx": 9.998178030057073,
                    "ry": 1.7954016250763059
                },
                "1,7\n\n\n0,0"
            ],
            [
                {
                    "r": 10,
                    "rx": 2.2546028094434103,
                    "ry": 1.9696155060244158
                },
                "2,2\n\n\n0,0"
            ],
            [
                {
                    "r": 10,
                    "rx": 5.290742857919282,
                    "ry": 2.0271210967208755
                },
                "1,5\n\n\n0,0"
            ],
            [
                {
                    "r": 10,
                    "rx": 1.2268937418670667,
                    "ry": 2.039272773682764
                },
                "2,1\n\n\n0,0"
            ],
            [
                {
                    "r": -10,
                    "rx": 12.090368720327184,
                    "ry": 2.143263683691346
                },
                "2,9\n\n\n0,0"
            ],
            [
                {
                    "r": -10,
                    "rx": 9.054228671851313,
                    "ry": 2.2007692743878056
                },
                "1,6\n\n\n0,0"
            ],
            [
                {
                    "r": -10,
                    "rx": 13.118077787903527,
                    "ry": 2.212920951349694
                },
                "2,10\n\n\n0,0"
            ],
            [
                {
                    "r": 10,
                    "rx": 0.17364817766693186,
                    "ry": 2.253754710380363
                },
                "2,0\n\n\n0,0"
            ],
            [
                {
                    "r": 10,
                    "rx": 3.2087667664376065,
                    "ry": 2.3170532869323686
                },
                "2,3\n\n\n0,0"
            ],
            [
                {
                    "r": -10,
                    "rx": 14.171323352103663,
                    "ry": 2.427402888047292
                },
                "2,11\n\n\n0,0"
            ],
            [
                {
                    "r": -10,
                    "rx": 11.136204763332987,
                    "ry": 2.4907014645992986
                },
                "2,8\n\n\n0,0"
            ],
            [
                {
                    "r": 10,
                    "rx": 4.17314532204659,
                    "ry": 2.606561200421584
                },
                "2,4\n\n\n0,0"
            ],
            [
                {
                    "r": -10,
                    "rx": 10.171826207724003,
                    "ry": 2.780209378088514
                },
                "2,7\n\n\n0,0"
            ],
            [
                {
                    "r": 10,
                    "rx": 2.080954631776481,
                    "ry": 2.954423259036623
                },
                "3,2\n\n\n0,0"
            ],
            [
                {
                    "r": 10,
                    "rx": 5.117094680252351,
                    "ry": 3.0119288497330836
                },
                "2,5\n\n\n0,0"
            ],
            [
                {
                    "r": 10,
                    "rx": 1.0532455642001384,
                    "ry": 3.0240805266949713
                },
                "3,1\n\n\n0,0"
            ],
            [
                {
                    "r": -10,
                    "rx": 12.264016897994114,